{
  "IcoMoonType": "selection",
  "icons": [
    {
      "icon": {
        "paths": [
          "M896 362.667l-384 384-384-384"
        ],
        "attrs": [
          {
            "fill": "none",
            "strokeLinejoin": "miter",
            "strokeLinecap": "butt",
            "strokeMiterlimit": "10",
            "strokeWidth": 85.33333333333333
          }
        ],
        "isMulticolor": false,
        "isMulticolor2": false,
        "grid": 0,
        "tags": [
          "down_arrow"
        ]
      },
      "attrs": [
        {
          "fill": "none",
          "strokeLinejoin": "miter",
          "strokeLinecap": "butt",
          "strokeMiterlimit": "10",
          "strokeWidth": 85.33333333333333
        }
      ],
      "properties": {
        "order": 27,
        "id": 0,
        "name": "down_arrow",
        "prevSize": 32,
        "code": 59648
      },
      "setIdx": 1,
      "setId": 4,
      "iconIdx": 1
    }
  ],
  "height": 1024,
  "metadata": {
    "name": "icomoon"
  },
  "preferences": {
    "showGlyphs": true,
    "showQuickUse": true,
    "showQuickUse2": true,
    "showSVGs": true,
    "fontPref": {
      "prefix": "icon-",
      "metadata": {
        "fontFamily": "icomoon"
      },
      "metrics": {
        "emSize": 1024,
        "baseline": 6.25,
        "whitespace": 50
      },
      "embed": false,
      "resetPoint": 59648
    },
    "imagePref": {
      "prefix": "icon-",
      "png": true,
      "useClassSelector": true,
      "color": 0,
      "bgColor": 16777215,
      "classSelector": ".icon"
    },
    "historySize": 50,
    "showCodes": true,
    "gridSize": 16
  }
}